﻿<?xml version="1.0" encoding="utf-8"?>
<!DOCTYPE urlrewrite PUBLIC "-//tuckey.org//DTD UrlRewrite 2.6//EN" "http://tuckey.org/res/dtds/urlrewrite2.6.dtd">
<!--
    Configuration file for UrlRewriteFilter http://tuckey.org/urlrewrite/
-->
<urlrewrite>

    <rule>
        <from>^/forum-([0-9]+)-([0-9]+)-([0-9]+)\.html</from>
        <to>/forum.jsp?sid=$1&amp;fid=$2&amp;page=$3</to>
    </rule>

    <rule>
        <from>^/topic-([0-9]+)-([0-9]+)\.html</from>
        <to>/topic.jsp?tid=$1&amp;page=$2</to>
    </rule>

    <rule>
        <from>^/topic-([0-9]+)-r([0-9]+)\.html</from>
        <to>/topic.jsp?tid=$1&amp;rid=$2</to>
    </rule>

    <rule>
        <from>^/forum-([0-9]+)-([0-9]+)-([0-9]+)\.xml</from>
        <to>/rss?sid=$1&amp;fid=$2&amp;style=$3</to>
    </rule>

    <rule>
        <from>^/topics-([a-z]+)-([0-9]+)\.xml</from>
        <to>/rss?fid=$1&amp;style=$2</to>
    </rule>

    <rule>
        <from>^/forums-([0-9a-z]+)-([0-9]+)\.xml</from>
        <to>/opml?sid=$1&amp;style=$2</to>
    </rule>

</urlrewrite>

